Fold,Precision,Recall,mAP50,mAP50-95
1.0,0.8359,0.83594,0.84178,0.68015
2.0,0.89231,0.92486,0.96439,0.74518
3.0,0.99783,0.97674,0.99432,0.83928
4.0,0.91683,0.93281,0.97871,0.78823
5.0,0.96608,0.84459,0.95978,0.7708
-,0.92179,0.902988,0.947796,0.7647280000000001
-,0.06327410568313077,0.06064827755179864,0.060783483200619555,0.05848669994109772
